,Country name,ISO3,year,Healthy life expectancy at birth
0,Denmark,DNK,2008,68.96
1,Denmark,DNK,2009,69.18
2,Denmark,DNK,2010,69.4
3,Denmark,DNK,2011,69.62
4,Switzerland,CHE,2012,71.52
5,Canada,CAN,2013,70.98
6,Denmark,DNK,2014,70.28
7,Norway,NOR,2015,71.2
8,Finland,FIN,2016,70.775
9,Afghanistan,AFG,2017,53.25
10,Afghanistan,AFG,2018,53.575
11,Afghanistan,AFG,2019,53.9
12,Afghanistan,AFG,2021,54.55
13,Afghanistan,AFG,2022,54.875
14,Denmark,DNK,2007,68.74
15,Costa Rica,CRI,2009,69.04
16,Canada,CAN,2010,70.8
17,Netherlands,NLD,2011,70.94
18,Norway,NOR,2012,70.6
19,Denmark,DNK,2013,70.06
20,Switzerland,CHE,2014,71.64
21,Switzerland,CHE,2015,71.7
22,Norway,NOR,2016,71.25
23,Albania,ALB,2017,69.05
24,Albania,ALB,2018,69.075
25,Albania,ALB,2019,69.1
26,Albania,ALB,2020,69.125
27,Albania,ALB,2021,69.15
28,Albania,ALB,2022,69.175
29,Netherlands,NLD,2010,70.9
30,Austria,AUT,2011,70.0
31,Iceland,ISL,2012,71.6
32,Norway,NOR,2014,71.0
33,Denmark,DNK,2016,70.625
34,Algeria,DZA,2017,66.2
35,Algeria,DZA,2018,66.3
36,Algeria,DZA,2019,66.4
37,Algeria,DZA,2020,66.5
38,Algeria,DZA,2021,66.6
39,Israel,ISR,2011,71.48
40,Sweden,SWE,2012,71.28
41,Iceland,ISL,2013,71.7
42,Israel,ISR,2014,71.72
43,Finland,FIN,2006,68.72
44,New Zealand,NZL,2007,69.74
45,Finland,FIN,2008,69.16
46,Switzerland,CHE,2009,71.34
47,Sweden,SWE,2010,71.2
48,Canada,CAN,2011,70.86
49,Denmark,DNK,2012,69.84
50,Austria,AUT,2013,70.2
51,Finland,FIN,2014,70.48
52,Denmark,DNK,2015,70.5
53,Netherlands,NLD,2016,71.175
54,Argentina,ARG,2017,67.0
55,Argentina,ARG,2018,67.05
56,Argentina,ARG,2019,67.1
57,Argentina,ARG,2020,67.15
58,Argentina,ARG,2021,67.2
59,Argentina,ARG,2022,67.25
60,Switzerland,CHE,2006,71.16
61,United States,USA,2007,66.76
62,Norway,NOR,2008,69.8
63,Canada,CAN,2009,70.74
64,Venezuela,VEN,2010,65.3
65,Australia,AUS,2011,70.28
66,Netherlands,NLD,2012,70.98
67,Finland,FIN,2013,70.26
68,Netherlands,NLD,2014,71.06
69,Iceland,ISL,2015,71.9
70,Iceland,ISL,2016,71.925
71,Armenia,ARM,2017,66.55
72,Armenia,ARM,2018,66.825
73,Armenia,ARM,2019,67.1
74,Armenia,ARM,2021,67.65
75,Armenia,ARM,2022,67.925
76,Denmark,DNK,2005,68.3
77,Canada,CAN,2007,70.62
78,Netherlands,NLD,2008,70.82
79,Australia,AUS,2010,70.2
80,Sweden,SWE,2011,71.24
81,Finland,FIN,2012,70.04
82,Mexico,MEX,2013,65.52
83,New Zealand,NZL,2014,69.88
84,Finland,FIN,2015,70.7
85,Switzerland,CHE,2016,71.9
86,Australia,AUS,2017,70.75
87,Australia,AUS,2018,70.825
88,Australia,AUS,2019,70.9
89,Australia,AUS,2020,70.975
90,Australia,AUS,2021,71.05
91,Australia,AUS,2022,71.125
92,Norway,NOR,2006,69.4
93,Ireland,IRL,2008,69.86
94,Finland,FIN,2010,69.6
95,Finland,FIN,2011,69.82
96,Canada,CAN,2012,70.92
97,Sweden,SWE,2013,71.32
98,Canada,CAN,2014,71.04
99,New Zealand,NZL,2015,69.9
100,Sweden,SWE,2016,71.525
101,Austria,AUT,2017,70.65
102,Austria,AUT,2018,70.775
103,Austria,AUT,2019,70.9
104,Austria,AUT,2020,71.025
105,Austria,AUT,2021,71.15
106,Austria,AUT,2022,71.275
107,New Zealand,NZL,2006,69.72
108,Netherlands,NLD,2007,70.78
109,Sweden,SWE,2008,71.12
110,Israel,ISR,2009,71.32
111,Israel,ISR,2010,71.4
112,Panama,PAN,2011,67.66
113,Austria,AUT,2012,70.1
114,Netherlands,NLD,2013,71.02
115,Australia,AUS,2014,70.52
116,Canada,CAN,2015,71.1
117,Australia,AUS,2016,70.675
118,Azerbaijan,AZE,2017,63.35
119,Azerbaijan,AZE,2018,63.475
120,Azerbaijan,AZE,2019,63.6
121,Sweden,SWE,2009,71.16
122,Panama,PAN,2010,67.5
123,Costa Rica,CRI,2011,69.36
124,Mexico,MEX,2012,65.38
125,Australia,AUS,2013,70.44
126,Costa Rica,CRI,2014,69.84
127,Netherlands,NLD,2015,71.1
128,Canada,CAN,2016,71.15
129,Bahrain,BHR,2017,66.05
130,Bahrain,BHR,2019,65.9
131,Bahrain,BHR,2020,65.825
132,United States,USA,2006,66.78
133,Costa Rica,CRI,2007,68.72
134,Canada,CAN,2008,70.68
135,Venezuela,VEN,2009,65.34
136,Austria,AUT,2010,69.9
137,New Zealand,NZL,2011,69.82
138,Costa Rica,CRI,2012,69.52
139,Israel,ISR,2013,71.64
140,Sweden,SWE,2014,71.36
141,Australia,AUS,2015,70.6
142,New Zealand,NZL,2016,69.975
143,Bangladesh,BGD,2017,64.05
144,Bangladesh,BGD,2018,64.175
145,Bangladesh,BGD,2019,64.3
146,Bangladesh,BGD,2020,64.425
147,Bangladesh,BGD,2021,64.55
148,Bangladesh,BGD,2022,64.675
149,Israel,ISR,2006,71.08
150,Australia,AUS,2007,69.96
151,New Zealand,NZL,2008,69.76
152,United States,USA,2009,66.72
153,Costa Rica,CRI,2010,69.2
154,United Arab Emirates,ARE,2011,65.16
155,New Zealand,NZL,2012,69.84
156,New Zealand,NZL,2013,69.86
157,United States,USA,2014,66.62
158,Sweden,SWE,2015,71.4
159,Israel,ISR,2016,71.95
160,Belarus,BLR,2017,65.55
161,Belarus,BLR,2018,65.775
162,Belarus,BLR,2019,66.0
163,Netherlands,NLD,2005,70.7
164,Saudi Arabia,SAU,2007,61.6
165,Spain,ESP,2008,70.76
166,Ireland,IRL,2010,70.1
167,United States,USA,2011,66.68
168,United Arab Emirates,ARE,2012,65.22
169,United States,USA,2013,66.64
170,Singapore,SGP,2014,73.02
171,Israel,ISR,2015,71.8
172,Costa Rica,CRI,2016,70.0
173,Belgium,BEL,2017,70.3
174,Belgium,BEL,2018,70.45
175,Belgium,BEL,2019,70.6
176,Belgium,BEL,2020,70.75
177,Belgium,BEL,2021,70.9
178,Belgium,BEL,2022,71.05
179,Sweden,SWE,2007,71.08
180,Ireland,IRL,2014,70.58
181,Ireland,IRL,2006,69.62
182,United States,USA,2008,66.74
183,Belgium,BEL,2011,69.36
184,Australia,AUS,2012,70.36
185,Costa Rica,CRI,2013,69.68
186,Thailand,THA,2014,67.82
187,Austria,AUT,2015,70.4
188,Austria,AUT,2016,70.525
189,Benin,BEN,2017,54.9
190,Benin,BEN,2018,55.2
191,Benin,BEN,2019,55.5
192,Benin,BEN,2020,55.8
193,Benin,BEN,2021,56.1
194,Benin,BEN,2022,56.4
195,Brazil,BRA,2013,64.38
196,Germany,DEU,2014,70.08
197,Germany,DEU,2015,70.1
198,Austria,AUT,2006,69.5
199,Belgium,BEL,2007,68.72
200,Israel,ISR,2008,71.24
201,Ireland,IRL,2009,69.98
202,New Zealand,NZL,2010,69.8
203,Luxembourg,LUX,2011,70.7
204,Israel,ISR,2012,71.56
205,Luxembourg,LUX,2013,71.1
206,Brazil,BRA,2014,64.54
207,Belgium,BEL,2015,70.0
208,Ireland,IRL,2016,70.8
209,Bolivia,BOL,2017,63.0
210,Bolivia,BOL,2018,63.15
211,Bolivia,BOL,2019,63.3
212,Bolivia,BOL,2020,63.45
213,Bolivia,BOL,2021,63.6
214,Bolivia,BOL,2022,63.75
215,Spain,ESP,2007,70.64
216,Panama,PAN,2009,67.34
217,United States,USA,2010,66.7
218,Brazil,BRA,2011,64.06
219,Venezuela,VEN,2012,65.22
220,Belgium,BEL,2013,69.68
221,Austria,AUT,2014,70.3
222,United States,USA,2015,66.6
223,Luxembourg,LUX,2016,71.525
224,Bosnia and Herzegovina,BIH,2017,67.1
225,Bosnia and Herzegovina,BIH,2018,67.15
226,Bosnia and Herzegovina,BIH,2019,67.2
227,Bosnia and Herzegovina,BIH,2020,67.25
228,Bosnia and Herzegovina,BIH,2021,67.3
229,Costa Rica,CRI,2006,68.56
230,Australia,AUS,2008,70.04
231,Luxembourg,LUX,2010,70.5
232,Ireland,IRL,2011,70.22
233,United States,USA,2012,66.66
234,Germany,DEU,2013,70.06
235,Luxembourg,LUX,2014,71.3
236,Costa Rica,CRI,2015,70.0
237,Belgium,BEL,2016,70.15
238,Botswana,BWA,2017,53.35
239,Botswana,BWA,2018,53.625
240,Botswana,BWA,2019,53.9
241,Botswana,BWA,2022,54.725
242,Canada,CAN,2005,70.5
243,Panama,PAN,2007,67.02
244,Austria,AUT,2008,69.7
245,Brazil,BRA,2009,63.74
246,United Arab Emirates,ARE,2010,65.1
247,France,FRA,2011,71.3
248,Ireland,IRL,2012,70.34
249,United Kingdom,GBR,2013,69.58
250,Belgium,BEL,2014,69.84
251,Ireland,IRL,2015,70.7
252,Germany,DEU,2016,70.3
253,Brazil,BRA,2017,65.05
254,Brazil,BRA,2018,65.225
255,Brazil,BRA,2019,65.4
256,Brazil,BRA,2020,65.575
257,Brazil,BRA,2021,65.75
258,Brazil,BRA,2022,65.925
259,Israel,ISR,2007,71.16
260,United Kingdom,GBR,2010,69.4
261,South Korea,KOR,2011,71.12
262,Luxembourg,LUX,2012,70.9
263,Panama,PAN,2013,67.98
264,Chile,CHL,2014,69.22
265,Luxembourg,LUX,2015,71.5
266,United Arab Emirates,ARE,2016,65.55
267,Bulgaria,BGR,2017,66.1
268,Bulgaria,BGR,2018,66.2
269,Bulgaria,BGR,2019,66.3
270,Bulgaria,BGR,2020,66.4
271,Bulgaria,BGR,2021,66.5
272,Bulgaria,BGR,2022,66.6
273,United Arab Emirates,ARE,2006,64.86
274,Singapore,SGP,2007,71.76
275,Belgium,BEL,2008,68.88
276,Belgium,BEL,2010,69.2
277,Mexico,MEX,2011,65.24
278,Belgium,BEL,2012,69.52
279,Ireland,IRL,2013,70.46
280,United Kingdom,GBR,2014,69.64
281,Argentina,ARG,2015,66.9
282,Mexico,MEX,2016,65.8
283,Burkina Faso,BFA,2017,54.15
284,Burkina Faso,BFA,2018,54.525
285,Burkina Faso,BFA,2019,54.9
286,Burkina Faso,BFA,2020,55.275
287,Burkina Faso,BFA,2021,55.65
288,France,FRA,2008,71.0
289,Mexico,MEX,2009,64.96
290,United Kingdom,GBR,2011,69.46
291,Mexico,MEX,2014,65.66
292,Burundi,BDI,2018,55.2
293,France,FRA,2006,70.8
294,United Kingdom,GBR,2007,69.22
295,United Kingdom,GBR,2008,69.28
296,Luxembourg,LUX,2009,70.3
297,Qatar,QAT,2010,64.7
298,Oman,OMN,2011,62.34
299,United Kingdom,GBR,2012,69.52
300,Chile,CHL,2013,69.04
301,Argentina,ARG,2014,66.78
302,Uruguay,URY,2015,67.5
303,United Kingdom,GBR,2016,69.8
304,Cambodia,KHM,2017,61.1
305,Cambodia,KHM,2018,61.3
306,Cambodia,KHM,2019,61.5
307,Cambodia,KHM,2020,61.7
308,Cambodia,KHM,2021,61.9
309,Cambodia,KHM,2022,62.1
310,Venezuela,VEN,2006,65.46
311,Greece,GRC,2007,69.76
312,Panama,PAN,2008,67.18
313,United Kingdom,GBR,2009,69.34
314,Brazil,BRA,2010,63.9
315,Argentina,ARG,2011,66.42
316,Panama,PAN,2012,67.82
317,Czechia,,2013,68.06
318,Panama,PAN,2014,68.14
319,Singapore,SGP,2015,73.2
320,United States,USA,2016,66.475
321,Cameroon,CMR,2017,53.15
322,Cameroon,CMR,2018,53.825
323,Cameroon,CMR,2019,54.5
324,Cameroon,CMR,2020,55.175
325,Cameroon,CMR,2021,55.85
326,Cameroon,CMR,2022,56.525
327,Sweden,SWE,2005,71.0
328,Italy,ITA,2007,70.8
329,Iceland,ISL,2008,71.2
330,United Arab Emirates,ARE,2009,65.04
331,Mexico,MEX,2010,65.1
332,Saudi Arabia,SAU,2011,62.4
333,Germany,DEU,2012,70.04
334,Bahrain,BHR,2013,65.72
335,Uruguay,URY,2014,67.42
336,Malta,MLT,2015,71.3
337,Czechia,,2016,68.425
338,Canada,CAN,2017,71.2
339,Canada,CAN,2018,71.25
340,Canada,CAN,2019,71.3
341,Canada,CAN,2020,71.35
342,Canada,CAN,2021,71.4
343,Canada,CAN,2022,71.45
344,Mexico,MEX,2007,64.68
345,France,FRA,2010,71.2
346,Cyprus,CYP,2011,70.96
347,Malta,MLT,2016,71.35
348,Central African Republic,CAF,2017,45.3
349,Singapore,SGP,2006,71.58
350,Czechia,,2007,67.34
351,Costa Rica,CRI,2008,68.88
352,El Salvador,SLV,2009,64.58
353,Kuwait,KWT,2010,69.2
354,Thailand,THA,2011,67.28
355,Brazil,BRA,2012,64.22
356,France,FRA,2013,71.5
357,United Arab Emirates,ARE,2014,65.34
358,Czechia,,2015,68.3
359,Chile,CHL,2016,69.55
360,Chad,TCD,2017,51.25
361,Chad,TCD,2018,51.625
362,Chad,TCD,2019,52.0
363,Chad,TCD,2022,53.125
364,Argentina,ARG,2006,65.82
365,Belize,BLZ,2007,64.3
366,Mexico,MEX,2008,64.82
367,Cyprus,CYP,2009,70.64
368,El Salvador,SLV,2010,64.4
369,Germany,DEU,2011,70.02
370,France,FRA,2012,71.4
371,United Arab Emirates,ARE,2013,65.28
372,Guatemala,GTM,2014,61.22
373,Panama,PAN,2015,68.3
374,Taiwan Province of China,,2016,
375,Chile,CHL,2017,69.7
376,Chile,CHL,2018,69.85
377,Chile,CHL,2019,70.0
378,Chile,CHL,2020,70.15
379,Chile,CHL,2021,70.3
380,Chile,CHL,2022,70.45
381,Cyprus,CYP,2006,70.16
382,Germany,DEU,2007,69.94
383,Saudi Arabia,SAU,2008,61.8
384,Germany,DEU,2009,69.98
385,Germany,DEU,2010,70.0
386,Qatar,QAT,2011,65.04
387,Qatar,QAT,2012,65.38
388,Colombia,COL,2013,67.86
389,Czechia,,2014,68.18
390,United Arab Emirates,ARE,2015,65.4
391,France,FRA,2016,71.8
392,China,CHN,2017,68.25
393,China,CHN,2018,68.375
394,China,CHN,2019,68.5
395,China,CHN,2020,68.625
396,China,CHN,2021,68.75
397,Jamaica,JAM,2006,66.6
398,Guatemala,GTM,2007,59.26
399,Italy,ITA,2008,70.9
400,Kuwait,KWT,2009,69.0
401,Chile,CHL,2010,68.5
402,Venezuela,VEN,2011,65.26
403,Chile,CHL,2012,68.86
404,Argentina,ARG,2013,66.66
405,France,FRA,2014,71.6
406,Brazil,BRA,2015,64.7
407,Saudi Arabia,SAU,2016,63.4
408,Colombia,COL,2017,68.65
409,Colombia,COL,2018,68.825
410,Colombia,COL,2019,69.0
411,Colombia,COL,2020,69.175
412,Colombia,COL,2021,69.35
413,Colombia,COL,2022,69.525
414,Turkmenistan,TKM,2009,59.78
415,Singapore,SGP,2010,72.3
416,Singapore,SGP,2011,72.48
417,Argentina,ARG,2012,66.54
418,Comoros,COM,2018,58.725
419,Comoros,COM,2019,58.9
420,Comoros,COM,2022,59.425
421,Trinidad and Tobago,TTO,2008,62.54
422,Uruguay,URY,2011,67.18
423,Uruguay,URY,2012,67.26
424,Venezuela,VEN,2013,65.18
425,Spain,ESP,2014,71.48
426,Chile,CHL,2015,69.4
427,Argentina,ARG,2016,66.95
428,Congo (Brazzaville),,2017,55.55
429,Congo (Brazzaville),,2018,55.875
430,Congo (Brazzaville),,2019,56.2
431,Congo (Brazzaville),,2020,56.525
432,Congo (Brazzaville),,2021,56.85
433,Congo (Brazzaville),,2022,57.175
434,Chile,CHL,2009,68.32
435,Chile,CHL,2011,68.68
436,Saudi Arabia,SAU,2012,62.6
437,Singapore,SGP,2013,72.84
438,Malta,MLT,2014,71.12
439,United Kingdom,GBR,2015,69.7
440,Brazil,BRA,2016,64.875
441,Congo (Kinshasa),,2017,53.25
442,Congo (Kinshasa),,2022,55.375
443,Taiwan Province of China,,2006,68.68
444,Brazil,BRA,2007,63.42
445,Brazil,BRA,2008,63.58
446,Guatemala,GTM,2009,59.82
447,Argentina,ARG,2010,66.3
448,Trinidad and Tobago,TTO,2011,63.68
449,Colombia,COL,2012,67.64
450,Saudi Arabia,SAU,2013,62.8
451,Colombia,COL,2014,68.08
452,Guatemala,GTM,2015,61.5
453,Guatemala,GTM,2016,61.7
454,Costa Rica,CRI,2017,70.0
455,Costa Rica,CRI,2018,70.0
456,Costa Rica,CRI,2019,70.0
457,Costa Rica,CRI,2020,70.0
458,Costa Rica,CRI,2021,70.0
459,Costa Rica,CRI,2022,70.0
460,Malaysia,MYS,2007,65.16
461,Argentina,ARG,2009,66.18
462,Colombia,COL,2010,67.2
463,Spain,ESP,2011,71.12
464,Czechia,,2012,67.94
465,Kuwait,KWT,2013,69.8
466,Taiwan Province of China,,2014,
467,Taiwan Province of China,,2015,
468,Spain,ESP,2016,71.725
469,Croatia,HRV,2017,68.25
470,Croatia,HRV,2018,68.425
471,Croatia,HRV,2019,68.6
472,Croatia,HRV,2020,68.775
473,Croatia,HRV,2021,68.95
474,Croatia,HRV,2022,69.125
475,Panama,PAN,2006,66.86
476,Kuwait,KWT,2006,68.4
477,Qatar,QAT,2009,64.36
478,Cyprus,CYP,2010,70.8
479,Colombia,COL,2011,67.42
480,Thailand,THA,2012,67.46
481,Uruguay,URY,2013,67.34
482,Algeria,DZA,2014,65.9
483,Colombia,COL,2015,68.3
484,Colombia,COL,2016,68.475
485,Cyprus,CYP,2017,72.0
486,Cyprus,CYP,2018,72.2
487,Cyprus,CYP,2019,72.4
488,Cyprus,CYP,2020,72.6
489,Cyprus,CYP,2021,72.8
490,Cyprus,CYP,2022,73.0
491,Australia,AUS,2005,69.8
492,Japan,JPN,2005,72.4
493,Italy,ITA,2010,71.1
494,Kuwait,KWT,2011,69.4
495,Spain,ESP,2012,71.24
496,Malta,MLT,2013,70.94
497,Saudi Arabia,SAU,2014,63.0
498,Spain,ESP,2015,71.6
499,Uruguay,URY,2016,67.5
500,Czechia,,2017,68.55
501,Czechia,,2018,68.675
502,Czechia,,2020,68.925
503,Czechia,,2021,69.05
504,Czechia,,2022,69.175
505,Belgium,BEL,2005,68.4
506,Colombia,COL,2007,66.54
507,Singapore,SGP,2008,71.94
508,Italy,ITA,2009,71.0
509,Saudi Arabia,SAU,2010,62.2
510,Czechia,,2011,67.82
511,Suriname,SUR,2012,62.84
512,Taiwan Province of China,,2013,
513,Nicaragua,NIC,2014,65.1
514,Qatar,QAT,2015,66.4
515,Bahrain,BHR,2016,66.125
516,Denmark,DNK,2017,70.75
517,Denmark,DNK,2018,70.875
518,Denmark,DNK,2019,71.0
519,Denmark,DNK,2020,71.125
520,Denmark,DNK,2021,71.25
521,Denmark,DNK,2022,71.375
522,Germany,DEU,2008,69.96
523,Malta,MLT,2009,70.22
524,Guatemala,GTM,2010,60.1
525,Taiwan Province of China,,2011,
526,Chile,CHL,2006,67.78
527,Argentina,ARG,2007,65.94
528,Guatemala,GTM,2008,59.54
529,Uruguay,URY,2009,67.02
530,Czechia,,2010,67.7
531,Japan,JPN,2007,72.64
532,Kuwait,KWT,2012,69.6
533,El Salvador,SLV,2013,63.86
534,Kuwait,KWT,2014,70.0
535,France,FRA,2015,71.7
536,Poland,POL,2016,68.175
537,Dominican Republic,DOM,2017,63.6
538,Dominican Republic,DOM,2018,63.8
539,Dominican Republic,DOM,2019,64.0
540,Dominican Republic,DOM,2020,64.2
541,Dominican Republic,DOM,2021,64.4
542,Dominican Republic,DOM,2022,64.6
543,Colombia,COL,2006,66.32
544,Guyana,GUY,2007,56.24
545,Venezuela,VEN,2008,65.38
546,France,FRA,2009,71.1
547,Taiwan Province of China,,2010,69.6
548,Malta,MLT,2011,70.58
549,Cyprus,CYP,2012,71.12
550,Thailand,THA,2013,67.64
551,Bahrain,BHR,2014,65.96
552,Saudi Arabia,SAU,2015,63.2
553,El Salvador,SLV,2016,63.85
554,Ecuador,ECU,2017,68.0
555,Ecuador,ECU,2018,68.25
556,Ecuador,ECU,2019,68.5
557,Ecuador,ECU,2020,68.75
558,Ecuador,ECU,2021,69.0
559,Ecuador,ECU,2022,69.25
560,Venezuela,VEN,2005,65.5
561,Poland,POL,2007,66.56
562,Colombia,COL,2008,66.76
563,Colombia,COL,2009,66.98
564,Thailand,THA,2010,67.1
565,Italy,ITA,2011,71.2
566,Taiwan Province of China,,2012,
567,Trinidad and Tobago,TTO,2013,64.44
568,Slovakia,SVK,2014,67.38
569,Malaysia,MYS,2015,65.8
570,Panama,PAN,2016,68.4
571,Egypt,EGY,2017,62.5
572,Egypt,EGY,2018,62.75
573,Egypt,EGY,2019,63.0
574,Egypt,EGY,2020,63.25
575,Egypt,EGY,2021,63.5
576,Egypt,EGY,2022,63.75
577,Malaysia,MYS,2006,65.08
578,Croatia,HRV,2007,66.94
579,Argentina,ARG,2008,66.06
580,Spain,ESP,2009,70.88
581,Spain,ESP,2010,71.0
582,Slovenia,SVN,2011,69.36
583,Slovenia,SVN,2012,69.52
584,Spain,ESP,2013,71.36
585,Venezuela,VEN,2014,65.14
586,Mexico,MEX,2015,65.8
587,Ecuador,ECU,2016,67.75
588,El Salvador,SLV,2017,64.2
589,El Salvador,SLV,2018,64.55
590,El Salvador,SLV,2019,64.9
591,El Salvador,SLV,2020,65.25
592,El Salvador,SLV,2021,65.6
593,El Salvador,SLV,2022,65.95
594,Lithuania,LTU,2006,63.5
595,Lithuania,LTU,2007,63.7
596,Japan,JPN,2008,72.76
597,Saudi Arabia,SAU,2009,62.0
598,Slovakia,SVK,2011,66.72
599,Croatia,HRV,2012,67.54
600,Kosovo,,2013,
601,Lithuania,LTU,2014,65.1
602,Thailand,THA,2015,68.0
603,Thailand,THA,2016,68.075
604,Estonia,EST,2017,68.75
605,Estonia,EST,2018,68.975
606,Estonia,EST,2019,69.2
607,Estonia,EST,2020,69.425
608,Estonia,EST,2021,69.65
609,Estonia,EST,2022,69.875
610,Peru,PER,2011,67.76
611,Eswatini,,2018,49.3
612,Eswatini,,2019,50.1
613,Bolivia,BOL,2012,62.1
614,Ecuador,ECU,2013,66.82
615,Uzbekistan,UZB,2014,63.26
616,Slovakia,SVK,2015,67.6
617,Singapore,SGP,2016,73.3
618,Ethiopia,ETH,2017,59.1
619,Ethiopia,ETH,2018,59.5
620,Ethiopia,ETH,2019,59.9
621,Ethiopia,ETH,2020,60.3
622,Ethiopia,ETH,2022,61.1
623,Guatemala,GTM,2006,58.98
624,Kazakhstan,KAZ,2008,59.2
625,South Korea,KOR,2010,70.9
626,Albania,ALB,2011,67.88
627,Uzbekistan,UZB,2012,62.78
628,Italy,ITA,2013,71.4
629,Russia,RUS,2014,62.26
630,Kuwait,KWT,2015,70.2
631,Nicaragua,NIC,2016,65.275
632,Finland,FIN,2017,70.85
633,Finland,FIN,2018,70.925
634,Finland,FIN,2019,71.0
635,Finland,FIN,2020,71.075
636,Finland,FIN,2021,71.15
637,Finland,FIN,2022,71.225
638,Spain,ESP,2005,70.4
639,Thailand,THA,2006,66.38
640,Malaysia,MYS,2008,65.24
641,Singapore,SGP,2009,72.12
642,Slovenia,SVN,2010,69.2
643,Ecuador,ECU,2011,66.14
644,South Korea,KOR,2012,71.34
645,Guatemala,GTM,2013,60.94
646,Italy,ITA,2014,71.5
647,El Salvador,SLV,2015,63.5
648,Slovakia,SVK,2016,67.825
649,France,FRA,2017,71.9
650,France,FRA,2018,72.0
651,France,FRA,2019,72.1
652,France,FRA,2020,72.2
653,France,FRA,2021,72.3
654,France,FRA,2022,72.4
655,Moldova,,2011,61.38
656,Moldova,,2012,61.76
657,Slovenia,SVN,2013,69.68
658,Kazakhstan,KAZ,2014,62.8
659,Moldova,,2015,62.9
660,South Korea,KOR,2016,72.275
661,Gabon,GAB,2017,56.95
662,Gabon,GAB,2018,57.275
663,Gabon,GAB,2019,57.6
664,Gabon,GAB,2020,57.925
665,Gabon,GAB,2021,58.25
666,Gabon,GAB,2022,58.575
667,Gambia,GMB,2017,56.4
668,Gambia,GMB,2018,56.7
669,Gambia,GMB,2019,57.0
670,Gambia,GMB,2022,57.9
671,Trinidad and Tobago,TTO,2006,61.78
672,Thailand,THA,2007,66.56
673,Chile,CHL,2008,68.14
674,Bolivia,BOL,2009,61.5
675,Uruguay,URY,2010,67.1
676,Turkmenistan,TKM,2011,60.42
677,Japan,JPN,2009,72.88
678,Japan,JPN,2010,73.0
679,Malaysia,MYS,2014,65.72
680,Bahrain,BHR,2015,66.2
681,Romania,ROU,2016,66.425
682,Georgia,GEO,2017,64.45
683,Georgia,GEO,2018,64.575
684,Georgia,GEO,2019,64.7
685,Georgia,GEO,2020,64.825
686,Georgia,GEO,2021,64.95
687,Georgia,GEO,2022,65.075
688,France,FRA,2005,70.7
689,South Korea,KOR,2007,70.24
690,Portugal,PRT,2008,68.82
691,Greece,GRC,2009,69.92
692,Japan,JPN,2011,73.12
693,Malaysia,MYS,2011,65.48
694,Malta,MLT,2012,70.76
695,South Korea,KOR,2013,71.56
696,Belize,BLZ,2014,65.0
697,Poland,POL,2015,68.0
698,Italy,ITA,2016,71.675
699,Germany,DEU,2017,70.5
700,Germany,DEU,2018,70.7
701,Germany,DEU,2019,70.9
702,Germany,DEU,2020,71.1
703,Germany,DEU,2021,71.3
704,Germany,DEU,2022,71.5
705,Slovenia,SVN,2006,68.56
706,Kazakhstan,KAZ,2007,58.6
707,Uruguay,URY,2008,66.94
708,Honduras,HND,2009,62.5
709,Slovakia,SVK,2010,66.5
710,Bolivia,BOL,2011,61.9
711,Ecuador,ECU,2012,66.48
712,Uzbekistan,UZB,2013,63.02
713,Ecuador,ECU,2014,67.16
714,Russia,RUS,2015,62.7
715,Japan,JPN,2012,73.24
716,Ghana,GHA,2017,57.25
717,Ghana,GHA,2018,57.625
718,Ghana,GHA,2019,58.0
719,Ghana,GHA,2020,58.375
720,Ghana,GHA,2021,58.75
721,Ghana,GHA,2022,59.125
722,Saudi Arabia,SAU,2005,61.2
723,Chile,CHL,2007,67.96
724,Ecuador,ECU,2009,65.46
725,Bahrain,BHR,2010,65.0
726,Vietnam,VNM,2011,64.58
727,El Salvador,SLV,2012,64.04
728,Slovakia,SVK,2013,67.16
729,Japan,JPN,2013,73.36
730,Uzbekistan,UZB,2015,63.5
731,Kuwait,KWT,2016,70.175
732,Greece,GRC,2017,70.65
733,Greece,GRC,2018,70.775
734,Greece,GRC,2019,70.9
735,Greece,GRC,2020,71.025
736,Greece,GRC,2021,71.15
737,Greece,GRC,2022,71.275
738,Uruguay,URY,2006,66.78
739,Uruguay,URY,2007,66.86
740,Thailand,THA,2008,66.74
741,Jordan,JOR,2009,66.52
742,Poland,POL,2010,67.1
743,Guatemala,GTM,2011,60.38
744,Malaysia,MYS,2012,65.56
745,Paraguay,PRY,2013,65.44
746,Moldova,,2014,62.52
747,Ecuador,ECU,2015,67.5
748,Latvia,LVA,2016,65.9
749,Guatemala,GTM,2017,61.9
750,Guatemala,GTM,2018,62.1
751,Guatemala,GTM,2019,62.3
752,Guatemala,GTM,2022,62.9
753,Uzbekistan,UZB,2011,62.54
754,Slovakia,SVK,2012,66.94
755,Croatia,HRV,2013,67.66
756,Peru,PER,2014,68.54
757,Kazakhstan,KAZ,2015,63.4
758,Slovenia,SVN,2016,70.175
759,Guinea,GIN,2017,52.4
760,Guinea,GIN,2018,52.85
761,Guinea,GIN,2019,53.3
762,Guinea,GIN,2020,53.75
763,Guinea,GIN,2021,54.2
764,Guinea,GIN,2022,54.65
765,Pakistan,PAK,2007,53.72
766,El Salvador,SLV,2006,65.12
767,Russia,RUS,2008,59.62
768,Honduras,HND,2010,62.3
769,Kazakhstan,KAZ,2011,61.0
770,Poland,POL,2012,67.46
771,Belarus,BLR,2013,63.98
772,Bolivia,BOL,2014,62.5
773,Nicaragua,NIC,2015,65.2
774,Uzbekistan,UZB,2016,63.8
775,Haiti,HTI,2017,55.2
776,Haiti,HTI,2018,55.5
777,Belarus,BLR,2006,60.06
778,Bolivia,BOL,2007,61.1
779,Paraguay,PRY,2008,65.04
780,Kosovo,,2009,
781,Paraguay,PRY,2010,65.2
782,Paraguay,PRY,2011,65.28
783,Guatemala,GTM,2012,60.66
784,Kazakhstan,KAZ,2013,62.2
785,El Salvador,SLV,2014,63.68
786,Latvia,LVA,2015,65.8
787,Turkmenistan,TKM,2016,61.8
788,Honduras,HND,2017,62.15
789,Honduras,HND,2018,62.575
790,Honduras,HND,2019,63.0
791,Honduras,HND,2021,63.85
792,Honduras,HND,2022,64.275
793,Hong Kong S.A.R. of China,,2006,
794,Lithuania,LTU,2008,63.9
795,Japan,JPN,2014,73.48
796,Greece,GRC,2010,70.0
797,Poland,POL,2011,67.28
798,Italy,ITA,2012,71.3
799,Belarus,BLR,2014,64.54
800,Lithuania,LTU,2016,65.65
801,Hong Kong S.A.R. of China,,2017,
802,Hong Kong S.A.R. of China,,2019,
803,Hong Kong S.A.R. of China,,2020,
804,Hong Kong S.A.R. of China,,2021,
805,United Kingdom,GBR,2005,69.1
806,Turkiye,,2007,66.42
807,Slovenia,SVN,2009,69.04
808,Ecuador,ECU,2010,65.8
809,Ghana,GHA,2011,54.74
810,Peru,PER,2012,68.02
811,Peru,PER,2013,68.28
812,South Korea,KOR,2014,71.78
813,Japan,JPN,2015,73.6
814,Russia,RUS,2016,63.075
815,Hungary,HUN,2017,66.9
816,Hungary,HUN,2018,67.05
817,Hungary,HUN,2019,67.2
818,Hungary,HUN,2020,67.35
819,Hungary,HUN,2021,67.5
820,Hungary,HUN,2022,67.65
821,Taiwan Province of China,,2008,69.14
822,Paraguay,PRY,2012,65.36
823,Nicaragua,NIC,2013,65.0
824,Italy,ITA,2015,71.6
825,Paraguay,PRY,2016,65.65
826,Iceland,ISL,2017,71.95
827,Iceland,ISL,2019,72.0
828,Iceland,ISL,2020,72.025
829,Iceland,ISL,2021,72.05
830,Iceland,ISL,2022,72.075
831,Kazakhstan,KAZ,2006,58.0
832,Belarus,BLR,2007,60.62
833,Kosovo,,2008,
834,Poland,POL,2009,66.92
835,Pakistan,PAK,2010,54.5
836,Angola,AGO,2011,51.22
837,Lithuania,LTU,2012,64.7
838,Malaysia,MYS,2013,65.64
839,Turkmenistan,TKM,2014,61.38
840,Bolivia,BOL,2015,62.7
841,Cyprus,CYP,2016,71.8
842,India,IND,2017,59.7
843,India,IND,2018,60.0
844,India,IND,2019,60.3
845,India,IND,2020,60.6
846,India,IND,2021,60.9
847,India,IND,2022,61.2
848,Cuba,CUB,2006,68.0
849,Jordan,JOR,2007,66.16
850,Moldova,,2008,60.24
851,Bahrain,BHR,2009,64.76
852,Bolivia,BOL,2010,61.7
853,Jordan,JOR,2011,66.88
854,Kazakhstan,KAZ,2012,61.6
855,Bolivia,BOL,2013,62.3
856,Poland,POL,2014,67.82
857,Turkmenistan,TKM,2015,61.7
858,Bolivia,BOL,2016,62.85
859,Indonesia,IDN,2017,62.55
860,Indonesia,IDN,2018,62.675
861,Indonesia,IDN,2019,62.8
862,Indonesia,IDN,2020,62.925
863,Indonesia,IDN,2021,63.05
864,Indonesia,IDN,2022,63.175
865,Italy,ITA,2005,70.6
866,Egypt,EGY,2007,61.52
867,Vietnam,VNM,2008,64.34
868,Estonia,EST,2011,67.18
869,Libya,LBY,2012,65.14
870,Moldova,,2013,62.14
871,Latvia,LVA,2014,65.5
872,South Korea,KOR,2015,72.0
873,Kosovo,,2016,
874,Iran,,2017,66.0
875,Iran,,2018,66.15
876,Iran,,2019,66.3
877,Iran,,2020,66.45
878,Iran,,2021,66.6
879,Iran,,2022,66.75
880,Belarus,BLR,2008,61.18
881,South Korea,KOR,2009,70.68
882,Malta,MLT,2010,70.4
883,Mauritius,MUS,2011,63.52
884,Belarus,BLR,2012,63.42
885,Poland,POL,2013,67.64
886,Romania,ROU,2014,66.12
887,Romania,ROU,2015,66.3
888,Serbia,SRB,2016,66.525
889,Iraq,IRQ,2017,61.75
890,Iraq,IRQ,2018,62.225
891,Iraq,IRQ,2020,63.175
892,Iraq,IRQ,2021,63.65
893,Portugal,PRT,2006,68.34
894,Estonia,EST,2008,66.34
895,Paraguay,PRY,2009,65.12
896,Nicaragua,NIC,2010,64.7
897,Hong Kong S.A.R. of China,,2011,
898,Kosovo,,2012,
899,Jamaica,JAM,2013,66.6
900,Slovenia,SVN,2014,69.84
901,Slovenia,SVN,2015,70.0
902,Peru,PER,2016,68.975
903,Ireland,IRL,2017,70.9
904,Ireland,IRL,2018,71.0
905,Ireland,IRL,2019,71.1
906,Ireland,IRL,2020,71.2
907,Ireland,IRL,2021,71.3
908,Ireland,IRL,2022,71.4
909,Honduras,HND,2006,63.1
910,Vietnam,VNM,2007,64.26
911,Botswana,BWA,2008,49.72
912,Belarus,BLR,2009,61.74
913,Hong Kong S.A.R. of China,,2010,
914,Lithuania,LTU,2011,64.5
915,Russia,RUS,2012,61.38
916,Lithuania,LTU,2013,64.9
917,Mauritius,MUS,2014,63.88
918,Belarus,BLR,2015,65.1
919,Estonia,EST,2016,68.525
920,Israel,ISR,2017,72.1
921,Israel,ISR,2018,72.25
922,Israel,ISR,2019,72.4
923,Israel,ISR,2020,72.55
924,Israel,ISR,2021,72.7
925,Israel,ISR,2022,72.85
926,Brazil,BRA,2005,63.1
927,Romania,ROU,2007,64.86
928,Honduras,HND,2008,62.7
929,Moldova,,2009,60.62
930,Peru,PER,2010,67.5
931,Dominican Republic,DOM,2011,64.16
932,Algeria,DZA,2012,65.7
933,Bhutan,BTN,2013,62.24
934,Cyprus,CYP,2014,71.44
935,Lithuania,LTU,2015,65.3
936,Honduras,HND,2016,61.725
937,Italy,ITA,2017,71.75
938,Italy,ITA,2018,71.825
939,Italy,ITA,2019,71.9
940,Italy,ITA,2020,71.975
941,Italy,ITA,2021,72.05
942,Italy,ITA,2022,72.125
943,Peru,PER,2009,67.24
944,Russia,RUS,2013,61.82
945,Indonesia,IDN,2014,62.08
946,Estonia,EST,2015,68.3
947,Mauritius,MUS,2016,63.975
948,Ivory Coast,CIV,2017,53.65
949,Ivory Coast,CIV,2018,54.225
950,Ivory Coast,CIV,2019,54.8
951,Ivory Coast,CIV,2020,55.375
952,Ivory Coast,CIV,2021,55.95
953,Ivory Coast,CIV,2022,56.525
954,Bolivia,BOL,2006,60.9
955,Russia,RUS,2011,60.94
956,Azerbaijan,AZE,2013,62.54
957,Turkiye,,2014,67.54
958,Jamaica,JAM,2017,66.6
959,Jamaica,JAM,2019,66.6
960,Jamaica,JAM,2020,66.6
961,Jamaica,JAM,2021,66.6
962,Jamaica,JAM,2022,66.6
963,Germany,DEU,2005,69.9
964,Laos,,2007,56.26
965,South Korea,KOR,2008,70.46
966,Albania,ALB,2009,67.32
967,Croatia,HRV,2010,67.3
968,Nicaragua,NIC,2011,64.8
969,Vietnam,VNM,2012,64.66
970,Cyprus,CYP,2013,71.28
971,Estonia,EST,2014,68.02
972,Greece,GRC,2015,70.4
973,Moldova,,2016,63.3
974,Japan,JPN,2016,73.725
975,Japan,JPN,2017,73.85
976,Japan,JPN,2018,73.975
977,Japan,JPN,2019,74.1
978,Japan,JPN,2020,74.225
979,Japan,JPN,2021,74.35
980,Mexico,MEX,2005,64.4
981,Iran,,2007,64.58
982,South Africa,ZAF,2008,47.8
983,Thailand,THA,2009,66.92
984,Moldova,,2010,61.0
985,Croatia,HRV,2011,67.42
986,Albania,ALB,2012,68.16
987,Kyrgyzstan,KGZ,2013,62.86
988,Somalia,SOM,2014,47.66
989,Libya,LBY,2015,64.3
990,Pakistan,PAK,2016,56.075
991,Jordan,JOR,2017,67.6
992,Jordan,JOR,2018,67.6
993,Jordan,JOR,2019,67.6
994,Jordan,JOR,2020,67.6
995,Jordan,JOR,2021,67.6
996,Jordan,JOR,2022,67.6
997,Estonia,EST,2006,65.78
998,Estonia,EST,2007,66.06
999,Syria,,2008,68.62
1000,Indonesia,IDN,2009,60.98
1001,Malaysia,MYS,2010,65.4
1002,Jamaica,JAM,2011,66.6
1003,Nigeria,NGA,2012,52.14
1004,Turkmenistan,TKM,2013,61.06
1005,Hong Kong S.A.R. of China,,2014,
1006,Peru,PER,2015,68.8
1007,Kazakhstan,KAZ,2016,63.8
1008,Kazakhstan,KAZ,2017,64.2
1009,Kazakhstan,KAZ,2018,64.6
1010,Kazakhstan,KAZ,2019,65.0
1011,Kazakhstan,KAZ,2020,65.4
1012,Kazakhstan,KAZ,2021,65.8
1013,Kazakhstan,KAZ,2022,66.2
1014,India,IND,2006,55.86
1015,El Salvador,SLV,2007,64.94
1016,Uzbekistan,UZB,2008,61.82
1017,Lithuania,LTU,2009,64.1
1018,Jordan,JOR,2010,66.7
1019,Greece,GRC,2011,70.08
1020,Hong Kong S.A.R. of China,,2012,
1021,Estonia,EST,2013,67.74
1022,Pakistan,PAK,2014,55.54
1023,Venezuela,VEN,2015,65.1
1024,Hong Kong S.A.R. of China,,2016,
1025,Kenya,KEN,2017,56.9
1026,Kenya,KEN,2018,57.3
1027,Kenya,KEN,2019,57.7
1028,Kenya,KEN,2020,58.1
1029,Kenya,KEN,2021,58.5
1030,Kenya,KEN,2022,58.9
1031,Paraguay,PRY,2007,64.96
1032,Bolivia,BOL,2008,61.3
1033,Croatia,HRV,2009,67.18
1034,Belarus,BLR,2010,62.3
1035,Algeria,DZA,2011,65.6
1036,Turkmenistan,TKM,2012,60.74
1037,Indonesia,IDN,2013,61.86
1038,Dominican Republic,DOM,2014,63.44
1039,Paraguay,PRY,2015,65.6
1040,Hungary,HUN,2016,66.75
1041,Kosovo,,2017,
1042,Kosovo,,2018,
1043,Kosovo,,2019,
1044,Kosovo,,2020,
1045,Kosovo,,2021,
1046,Kosovo,,2022,
1047,South Korea,KOR,2006,70.02
1048,Dominican Republic,DOM,2009,64.64
1049,Kazakhstan,KAZ,2010,60.4
1050,Turkiye,,2011,67.06
1051,Nicaragua,NIC,2012,64.9
1052,Tunisia,TUN,2013,66.54
1053,Croatia,HRV,2014,67.78
1054,Philippines,PHL,2015,61.9
1055,Portugal,PRT,2016,70.625
1056,Kuwait,KWT,2017,70.15
1057,Kuwait,KWT,2019,70.1
1058,Vietnam,VNM,2006,64.18
1059,Ukraine,UKR,2007,61.24
1060,Ecuador,ECU,2008,65.12
1061,Hong Kong S.A.R. of China,,2009,
1062,Turkiye,,2010,66.9
1063,Pakistan,PAK,2011,54.76
1064,Indonesia,IDN,2012,61.64
1065,Zambia,ZMB,2013,51.38
1066,Jordan,JOR,2014,67.42
1067,Turkiye,,2015,67.7
1068,Libya,LBY,2016,64.525
1069,Kyrgyzstan,KGZ,2017,64.75
1070,Kyrgyzstan,KGZ,2018,65.275
1071,Kyrgyzstan,KGZ,2019,65.8
1072,Kyrgyzstan,KGZ,2020,66.325
1073,Kyrgyzstan,KGZ,2021,66.85
1074,Kyrgyzstan,KGZ,2022,67.375
1075,Slovakia,SVK,2006,65.62
1076,Russia,RUS,2007,59.18
1077,El Salvador,SLV,2008,64.76
1078,Belarus,BLR,2011,62.86
1079,Estonia,EST,2012,67.46
1080,Laos,,2017,59.9
1081,Laos,,2018,60.2
1082,Laos,,2019,60.5
1083,Laos,,2020,60.8
1084,Laos,,2021,61.1
1085,Uzbekistan,UZB,2006,61.34
1086,Ghana,GHA,2007,52.98
1087,Ukraine,UKR,2008,61.56
1088,Malaysia,MYS,2009,65.32
1089,Montenegro,MNE,2011,66.28
1090,Turkiye,,2012,67.22
1091,China,CHN,2013,67.48
1092,Philippines,PHL,2014,61.84
1093,Cyprus,CYP,2015,71.6
1094,Philippines,PHL,2016,61.925
1095,Latvia,LVA,2017,66.0
1096,Latvia,LVA,2018,66.1
1097,Latvia,LVA,2019,66.2
1098,Latvia,LVA,2020,66.3
1099,Latvia,LVA,2021,66.4
1100,Latvia,LVA,2022,66.5
1101,Japan,JPN,2022,74.475
1102,Moldova,,2006,59.48
1103,India,IND,2008,56.58
1104,Kazakhstan,KAZ,2009,59.8
1105,Algeria,DZA,2010,65.5
1106,Portugal,PRT,2011,69.54
1107,Montenegro,MNE,2012,66.36
1108,North Macedonia,,2013,65.14
1109,Jamaica,JAM,2014,66.6
1110,Jordan,JOR,2015,67.6
1111,Croatia,HRV,2016,68.075
1112,Lebanon,LBN,2017,65.85
1113,Lebanon,LBN,2018,65.925
1114,Lebanon,LBN,2019,66.0
1115,Lebanon,LBN,2020,66.075
1116,Lebanon,LBN,2021,66.15
1117,Lebanon,LBN,2022,66.225
1118,Lebanon,LBN,2011,65.46
1119,Morocco,MAR,2016,63.4
1120,Lesotho,LSO,2017,42.9
1121,Lesotho,LSO,2019,44.2
1122,Peru,PER,2007,66.72
1123,Latvia,LVA,2008,63.7
1124,Indonesia,IDN,2010,61.2
1125,Montenegro,MNE,2014,66.52
1126,Somalia,SOM,2015,48.1
1127,North Macedonia,,2016,65.5
1128,Liberia,LBR,2017,53.7
1129,Liberia,LBR,2018,54.3
1130,Liberia,LBR,2019,54.9
1131,Liberia,LBR,2022,56.7
1132,Kyrgyzstan,KGZ,2012,62.44
1133,Hungary,HUN,2015,66.6
1134,Algeria,DZA,2016,66.1
1135,Libya,LBY,2017,64.75
1136,Libya,LBY,2018,64.975
1137,Libya,LBY,2019,65.2
1138,Dominican Republic,DOM,2006,65.36
1139,South Africa,ZAF,2007,46.9
1140,Hong Kong S.A.R. of China,,2008,
1141,Romania,ROU,2009,65.22
1142,Montenegro,MNE,2010,66.2
1143,Indonesia,IDN,2011,61.42
1144,Romania,ROU,2012,65.76
1145,Jordan,JOR,2013,67.24
1146,Azerbaijan,AZE,2014,62.82
1147,Serbia,SRB,2015,66.4
1148,Turkiye,,2016,67.875
1149,Lithuania,LTU,2017,66.0
1150,Lithuania,LTU,2018,66.35
1151,Lithuania,LTU,2019,66.7
1152,Lithuania,LTU,2020,67.05
1153,Lithuania,LTU,2021,67.4
1154,Lithuania,LTU,2022,67.75
1155,Nicaragua,NIC,2009,64.6
1156,Russia,RUS,2010,60.5
1157,Morocco,MAR,2011,62.66
1158,Serbia,SRB,2012,65.98
1159,Portugal,PRT,2013,70.02
1160,Kyrgyzstan,KGZ,2014,63.28
1161,China,CHN,2015,68.0
1162,China,CHN,2016,68.125
1163,Luxembourg,LUX,2017,71.55
1164,Luxembourg,LUX,2018,71.575
1165,Luxembourg,LUX,2019,71.6
1166,Luxembourg,LUX,2022,71.675
1167,South Africa,ZAF,2006,46.0
1168,Iran,,2008,64.72
1169,Ukraine,UKR,2011,62.52
1170,South Africa,ZAF,2012,51.4
1171,Morocco,MAR,2013,62.98
1172,Bosnia and Herzegovina,BIH,2014,67.0
1173,Croatia,HRV,2015,67.9
1174,Azerbaijan,AZE,2016,63.225
1175,Madagascar,MDG,2017,56.8
1176,Madagascar,MDG,2018,57.05
1177,Madagascar,MDG,2019,57.3
1178,Madagascar,MDG,2022,58.05
1179,Laos,,2006,55.88
1180,Montenegro,MNE,2007,65.96
1181,Vietnam,VNM,2009,64.42
1182,China,CHN,2011,66.96
1183,Jordan,JOR,2012,67.06
1184,Iran,,2013,65.42
1185,Lebanon,LBN,2014,65.64
1186,Lebanon,LBN,2015,65.7
1187,Montenegro,MNE,2016,66.7
1188,Malawi,MWI,2017,56.0
1189,Malawi,MWI,2018,56.55
1190,Malawi,MWI,2019,57.1
1191,Malawi,MWI,2021,58.2
1192,Malawi,MWI,2022,58.75
1193,Ecuador,ECU,2006,64.44
1194,Kosovo,,2007,
1195,Peru,PER,2008,66.98
1196,Uzbekistan,UZB,2009,62.06
1197,Vietnam,VNM,2010,64.5
1198,Mongolia,MNG,2011,58.22
1199,Pakistan,PAK,2012,55.02
1200,Pakistan,PAK,2013,55.28
1201,North Macedonia,,2014,65.22
1202,Morocco,MAR,2015,63.3
1203,Malaysia,MYS,2018,65.725
1204,Malaysia,MYS,2019,65.7
1205,Malaysia,MYS,2020,65.675
1206,Malaysia,MYS,2021,65.65
1207,Maldives,MDV,2018,69.775
1208,Russia,RUS,2006,58.74
1209,Turkiye,,2008,66.58
1210,Zambia,ZMB,2009,48.74
1211,Albania,ALB,2010,67.6
1212,Romania,ROU,2011,65.58
1213,Latvia,LVA,2012,64.9
1214,Bosnia and Herzegovina,BIH,2013,67.0
1215,China,CHN,2014,67.74
1216,Azerbaijan,AZE,2015,63.1
1217,Greece,GRC,2016,70.525
1218,Mali,MLI,2017,53.8
1219,Mali,MLI,2018,54.2
1220,Mali,MLI,2019,54.6
1221,Mali,MLI,2020,55.0
1222,Mali,MLI,2021,55.4
1223,Mali,MLI,2022,55.8
1224,South Africa,ZAF,2009,48.7
1225,Kosovo,,2010,
1226,Zambia,ZMB,2011,50.06
1227,Greece,GRC,2012,70.16
1228,Serbia,SRB,2013,66.12
1229,Hungary,HUN,2014,66.44
1230,Tunisia,TUN,2015,66.7
1231,Jordan,JOR,2016,67.6
1232,Malta,MLT,2017,71.4
1233,Malta,MLT,2018,71.45
1234,Malta,MLT,2019,71.5
1235,Malta,MLT,2020,71.55
1236,Malta,MLT,2021,71.6
1237,Malta,MLT,2022,71.65
1238,Indonesia,IDN,2007,60.54
1239,Nicaragua,NIC,2008,64.5
1240,Turkiye,,2009,66.74
1241,Tunisia,TUN,2010,66.3
1242,Bosnia and Herzegovina,BIH,2011,67.0
1243,China,CHN,2012,67.22
1244,Romania,ROU,2013,65.94
1245,Portugal,PRT,2014,70.26
1246,Montenegro,MNE,2015,66.6
1247,Lebanon,LBN,2016,65.775
1248,Mauritania,MRT,2017,59.35
1249,Mauritania,MRT,2018,59.575
1250,Mauritania,MRT,2019,59.8
1251,Mauritania,MRT,2022,60.475
1252,Philippines,PHL,2011,61.66
1253,Paraguay,PRY,2014,65.52
1254,Dominican Republic,DOM,2016,63.4
1255,Mauritius,MUS,2017,63.95
1256,Mauritius,MUS,2018,63.925
1257,Mauritius,MUS,2019,63.9
1258,Mauritius,MUS,2020,63.875
1259,Mauritius,MUS,2021,63.85
1260,Mauritius,MUS,2022,63.825
1261,Czechia,,2005,67.1
1262,Honduras,HND,2007,62.9
1263,Tajikistan,TJK,2008,60.7
1264,Pakistan,PAK,2009,54.24
1265,Portugal,PRT,2010,69.3
1266,Bangladesh,BGD,2011,61.72
1267,Ghana,GHA,2012,55.18
1268,Montenegro,MNE,2013,66.44
1269,Serbia,SRB,2014,66.26
1270,Tajikistan,TJK,2015,61.4
1271,Nigeria,NGA,2016,53.425
1272,Mexico,MEX,2017,65.8
1273,Mexico,MEX,2018,65.8
1274,Mexico,MEX,2019,65.8
1275,Mexico,MEX,2020,65.8
1276,Mexico,MEX,2021,65.8
1277,Mexico,MEX,2022,65.8
1278,Indonesia,IDN,2006,60.32
1279,Dominican Republic,DOM,2007,65.12
1280,Bangladesh,BGD,2008,60.16
1281,Lebanon,LBN,2009,65.34
1282,Uzbekistan,UZB,2010,62.3
1283,Mozambique,MOZ,2011,46.92
1284,Somaliland region,,2012,
1285,Latvia,LVA,2013,65.2
1286,Vietnam,VNM,2014,64.82
1287,Bosnia and Herzegovina,BIH,2015,67.0
1288,Bosnia and Herzegovina,BIH,2016,67.05
1289,Moldova,,2017,63.7
1290,Moldova,,2018,64.1
1291,Moldova,,2019,64.5
1292,Moldova,,2020,64.9
1293,Moldova,,2021,65.3
1294,Moldova,,2022,65.7
1295,Philippines,PHL,2007,61.42
1296,Laos,,2008,56.64
1297,Lithuania,LTU,2010,64.3
1298,Latvia,LVA,2011,64.6
1299,Ukraine,UKR,2012,62.84
1300,Vietnam,VNM,2013,64.74
1301,Honduras,HND,2014,61.5
1302,Bhutan,BTN,2015,62.6
1303,Belarus,BLR,2016,65.325
1304,Mongolia,MNG,2017,60.1
1305,Mongolia,MNG,2018,60.2
1306,Mongolia,MNG,2019,60.3
1307,Mongolia,MNG,2020,60.4
1308,Mongolia,MNG,2021,60.5
1309,Mongolia,MNG,2022,60.6
1310,India,IND,2007,56.22
1311,Ukraine,UKR,2009,61.88
1312,Iraq,IRQ,2010,60.9
1313,Honduras,HND,2011,62.1
1314,Bahrain,BHR,2012,65.48
1315,Dominican Republic,DOM,2013,63.68
1316,Kosovo,,2014,
1317,Portugal,PRT,2015,70.5
1318,Indonesia,IDN,2016,62.425
1319,Montenegro,MNE,2017,66.8
1320,Montenegro,MNE,2018,66.9
1321,Montenegro,MNE,2019,67.0
1322,Montenegro,MNE,2020,67.1
1323,Ukraine,UKR,2010,62.2
1324,Somaliland region,,2011,
1325,Zambia,ZMB,2012,50.72
1326,Lebanon,LBN,2013,65.58
1327,Kosovo,,2015,
1328,Tajikistan,TJK,2016,61.55
1329,Morocco,MAR,2017,63.5
1330,Morocco,MAR,2018,63.6
1331,Morocco,MAR,2019,63.7
1332,Morocco,MAR,2020,63.8
1333,Morocco,MAR,2021,63.9
1334,Morocco,MAR,2022,64.0
1335,Zambia,ZMB,2006,46.76
1336,Ecuador,ECU,2007,64.78
1337,Djibouti,DJI,2008,53.64
1338,South Africa,ZAF,2011,50.5
1339,Vietnam,VNM,2015,64.9
1340,Mozambique,MOZ,2017,49.5
1341,Mozambique,MOZ,2018,49.95
1342,Mozambique,MOZ,2019,50.4
1343,Mozambique,MOZ,2021,51.3
1344,Mozambique,MOZ,2022,51.75
1345,Philippines,PHL,2012,61.72
1346,Philippines,PHL,2013,61.78
1347,Nepal,NPL,2014,60.14
1348,Dominican Republic,DOM,2015,63.2
1349,Nepal,NPL,2016,60.475
1350,Myanmar,MMR,2017,60.25
1351,Myanmar,MMR,2018,60.575
1352,Myanmar,MMR,2019,60.9
1353,Myanmar,MMR,2020,61.225
1354,Myanmar,MMR,2021,61.55
1355,Hungary,HUN,2007,65.32
1356,Bhutan,BTN,2014,62.42
1357,Namibia,NAM,2017,55.35
1358,Namibia,NAM,2018,55.725
1359,Namibia,NAM,2019,56.1
1360,Namibia,NAM,2020,56.475
1361,Namibia,NAM,2021,56.85
1362,Namibia,NAM,2022,57.225
1363,Peru,PER,2006,66.46
1364,Nicaragua,NIC,2007,64.4
1365,Ghana,GHA,2008,53.42
1366,Russia,RUS,2009,60.06
1367,Lebanon,LBN,2010,65.4
1368,Kyrgyzstan,KGZ,2011,62.02
1369,Portugal,PRT,2012,69.78
1370,Tajikistan,TJK,2013,61.2
1371,Kenya,KEN,2014,55.58
1372,Indonesia,IDN,2015,62.3
1373,Vietnam,VNM,2016,65.0
1374,Nepal,NPL,2017,60.75
1375,Nepal,NPL,2018,61.025
1376,Nepal,NPL,2019,61.3
1377,Nepal,NPL,2020,61.575
1378,Nepal,NPL,2021,61.85
1379,Nepal,NPL,2022,62.125
1380,Jordan,JOR,2005,65.8
1381,Bosnia and Herzegovina,BIH,2007,67.0
1382,Nigeria,NGA,2008,50.86
1383,Djibouti,DJI,2010,54.6
1384,Hungary,HUN,2011,65.96
1385,Morocco,MAR,2012,62.82
1386,Ghana,GHA,2013,55.62
1387,Tajikistan,TJK,2014,61.3
1388,Cameroon,CMR,2015,51.8
1389,Mongolia,MNG,2016,60.0
1390,Netherlands,NLD,2017,71.25
1391,Netherlands,NLD,2018,71.325
1392,Netherlands,NLD,2019,71.4
1393,Netherlands,NLD,2020,71.475
1394,Netherlands,NLD,2021,71.55
1395,Netherlands,NLD,2022,71.625
1396,Ukraine,UKR,2006,60.92
1397,Malawi,MWI,2007,46.42
1398,Jordan,JOR,2008,66.34
1399,Kyrgyzstan,KGZ,2010,61.6
1400,Lesotho,LSO,2011,41.52
1401,Zimbabwe,ZWE,2012,47.6
1402,Hungary,HUN,2013,66.28
1403,Egypt,EGY,2014,61.94
1404,Mongolia,MNG,2015,59.9
1405,State of Palestine,,2016,
1406,New Zealand,NZL,2017,70.05
1407,New Zealand,NZL,2018,70.125
1408,New Zealand,NZL,2019,70.2
1409,New Zealand,NZL,2020,70.275
1410,New Zealand,NZL,2021,70.35
1411,New Zealand,NZL,2022,70.425
1412,Botswana,BWA,2006,48.84
1413,Nigeria,NGA,2007,50.54
1414,China,CHN,2008,66.18
1415,Malawi,MWI,2009,48.54
1416,India,IND,2010,57.3
1417,North Macedonia,,2011,64.98
1418,Azerbaijan,AZE,2012,62.26
1419,Mongolia,MNG,2013,59.06
1420,South Africa,ZAF,2014,53.2
1421,North Macedonia,,2015,65.3
1422,Kyrgyzstan,KGZ,2016,64.225
1423,Nicaragua,NIC,2017,65.35
1424,Nicaragua,NIC,2018,65.425
1425,Nicaragua,NIC,2019,65.5
1426,Nicaragua,NIC,2020,65.575
1427,Nicaragua,NIC,2021,65.65
1428,Nicaragua,NIC,2022,65.725
1429,Paraguay,PRY,2006,64.88
1430,Namibia,NAM,2007,51.88
1431,Dominican Republic,DOM,2008,64.88
1432,Estonia,EST,2009,66.62
1433,Philippines,PHL,2010,61.6
1434,Tunisia,TUN,2011,66.38
1435,Mongolia,MNG,2012,58.64
1436,Turkiye,,2013,67.38
1437,Mongolia,MNG,2014,59.48
1438,Nigeria,NGA,2015,53.1
1439,Bulgaria,BGR,2016,66.0
1440,Niger,NER,2017,54.8
1441,Niger,NER,2018,55.15
1442,Niger,NER,2019,55.5
1443,Niger,NER,2022,56.55
1444,Azerbaijan,AZE,2006,60.58
1445,Armenia,ARM,2007,64.08
1446,Azerbaijan,AZE,2008,61.14
1447,Bangladesh,BGD,2009,60.68
1448,Romania,ROU,2010,65.4
1449,Laos,,2012,58.16
1450,State of Palestine,,2013,
1451,Sierra Leone,SLE,2015,49.7
1452,Gabon,GAB,2016,56.625
1453,Nigeria,NGA,2017,53.75
1454,Nigeria,NGA,2018,54.075
1455,Nigeria,NGA,2019,54.4
1456,Nigeria,NGA,2020,54.725
1457,Nigeria,NGA,2021,55.05
1458,China,CHN,2007,65.92
1459,Kyrgyzstan,KGZ,2009,61.18
1460,Bangladesh,BGD,2010,61.2
1461,Eswatini,,2011,42.5
1462,Botswana,BWA,2012,51.48
1463,Nigeria,NGA,2013,52.46
1464,Albania,ALB,2014,68.72
1465,Kyrgyzstan,KGZ,2015,63.7
1466,Cameroon,CMR,2016,52.475
1467,North Macedonia,,2017,65.7
1468,North Macedonia,,2018,65.9
1469,North Macedonia,,2019,66.1
1470,North Macedonia,,2020,66.3
1471,North Macedonia,,2021,66.5
1472,North Macedonia,,2022,66.7
1473,State of Palestine,,2006,61.78
1474,Indonesia,IDN,2008,60.76
1475,Bosnia and Herzegovina,BIH,2012,67.0
1476,Myanmar,MMR,2014,59.12
1477,South Africa,ZAF,2015,54.1
1478,South Africa,ZAF,2016,54.625
1479,Norway,NOR,2017,71.3
1480,Norway,NOR,2018,71.35
1481,Norway,NOR,2019,71.4
1482,Norway,NOR,2020,71.45
1483,Norway,NOR,2021,71.5
1484,Norway,NOR,2022,71.55
1485,Kosovo,,2011,
1486,Greece,GRC,2005,69.6
1487,Mozambique,MOZ,2007,45.24
1488,Kyrgyzstan,KGZ,2008,60.76
1489,Egypt,EGY,2009,61.64
1490,Mauritania,MRT,2010,57.4
1491,Zimbabwe,ZWE,2011,46.4
1492,Dominican Republic,DOM,2012,63.92
1493,Iraq,IRQ,2013,60.84
1494,Tunisia,TUN,2014,66.62
1495,Bulgaria,BGR,2015,65.9
1496,Sierra Leone,SLE,2016,50.5
1497,Pakistan,PAK,2017,56.35
1498,Pakistan,PAK,2018,56.625
1499,Pakistan,PAK,2019,56.9
1500,Pakistan,PAK,2020,57.175
1501,Pakistan,PAK,2021,57.45
1502,Latvia,LVA,2006,63.1
1503,Moldova,,2007,59.86
1504,Zambia,ZMB,2008,48.08
1505,Tunisia,TUN,2009,66.22
1506,Nigeria,NGA,2010,51.5
1507,Haiti,HTI,2011,33.32
1508,Bangladesh,BGD,2012,62.24
1509,Greece,GRC,2013,70.24
1510,Greece,GRC,2014,70.32
1511,Honduras,HND,2015,61.3
1512,Somalia,SOM,2016,48.5
1513,Panama,PAN,2017,68.5
1514,Panama,PAN,2018,68.6
1515,Panama,PAN,2019,68.7
1516,Panama,PAN,2021,68.9
1517,Panama,PAN,2022,69.0
1518,Nigeria,NGA,2006,50.22
1519,Serbia,SRB,2007,65.28
1520,Senegal,SEN,2008,56.1
1521,Somaliland region,,2009,
1522,Afghanistan,AFG,2010,51.1
1523,Uganda,UGA,2011,52.94
1524,India,IND,2012,58.02
1525,Honduras,HND,2013,61.7
1526,State of Palestine,,2014,
1527,Zambia,ZMB,2015,52.7
1528,Iran,,2016,65.85
1529,Paraguay,PRY,2017,65.7
1530,Paraguay,PRY,2019,65.8
1531,Paraguay,PRY,2020,65.85
1532,Paraguay,PRY,2021,65.9
1533,Paraguay,PRY,2022,65.95
1534,Philippines,PHL,2006,61.36
1535,Nepal,NPL,2007,59.72
1536,Mozambique,MOZ,2008,45.66
1537,Nigeria,NGA,2009,51.18
1538,Dominican Republic,DOM,2010,64.4
1539,Bahrain,BHR,2011,65.24
1540,Hungary,HUN,2012,66.12
1541,Ukraine,UKR,2013,63.16
1542,Iran,,2014,65.56
1543,Pakistan,PAK,2015,55.8
1544,Myanmar,MMR,2016,59.925
1545,Peru,PER,2017,69.15
1546,Peru,PER,2018,69.325
1547,Peru,PER,2019,69.5
1548,Peru,PER,2020,69.675
1549,Peru,PER,2021,69.85
1550,Peru,PER,2022,70.025
1551,Lebanon,LBN,2006,65.16
1552,Kyrgyzstan,KGZ,2007,60.34
1553,Armenia,ARM,2008,64.32
1554,Syria,,2009,66.86
1555,Hungary,HUN,2010,65.8
1556,Serbia,SRB,2011,65.84
1557,Mauritania,MRT,2012,58.0
1558,Zimbabwe,ZWE,2013,48.8
1559,Bangladesh,BGD,2014,63.28
1560,Nepal,NPL,2015,60.2
1561,Senegal,SEN,2016,58.5
1562,Philippines,PHL,2017,61.95
1563,Philippines,PHL,2018,61.975
1564,Philippines,PHL,2019,62.0
1565,Philippines,PHL,2020,62.025
1566,Philippines,PHL,2021,62.05
1567,Poland,POL,2005,66.2
1568,Senegal,SEN,2007,55.8
1569,Bosnia and Herzegovina,BIH,2009,67.0
1570,State of Palestine,,2010,62.25
1571,Burkina Faso,BFA,2011,51.64
1572,Iraq,IRQ,2012,60.86
1573,Bangladesh,BGD,2013,62.76
1574,Namibia,NAM,2014,54.26
1575,Egypt,EGY,2015,62.0
1576,Egypt,EGY,2016,62.25
1577,Poland,POL,2017,68.35
1578,Poland,POL,2018,68.525
1579,Poland,POL,2019,68.7
1580,Poland,POL,2020,68.875
1581,Poland,POL,2021,69.05
1582,Poland,POL,2022,69.225
1583,Kyrgyzstan,KGZ,2006,59.92
1584,Madagascar,MDG,2008,54.62
1585,Zimbabwe,ZWE,2010,45.2
1586,Mauritania,MRT,2011,57.7
1587,State of Palestine,,2012,
1588,Haiti,HTI,2013,43.96
1589,Liberia,LBR,2014,52.42
1590,Iran,,2015,65.7
1591,Bangladesh,BGD,2016,63.925
1592,Portugal,PRT,2017,70.75
1593,Portugal,PRT,2018,70.875
1594,Portugal,PRT,2019,71.0
1595,Portugal,PRT,2020,71.125
1596,Portugal,PRT,2021,71.25
1597,Portugal,PRT,2022,71.375
1598,Nepal,NPL,2009,59.84
1599,Bosnia and Herzegovina,BIH,2010,67.0
1600,Iran,,2011,65.14
1601,North Macedonia,,2012,65.06
1602,State of Palestine,,2015,
1603,Lebanon,LBN,2005,65.1
1604,Latvia,LVA,2007,63.4
1605,Djibouti,DJI,2009,54.12
1606,Egypt,EGY,2010,61.7
1607,State of Palestine,,2011,
1608,Congo (Kinshasa),,2012,50.9
1609,Nepal,NPL,2013,60.08
1610,Malawi,MWI,2014,53.84
1611,Congo (Brazzaville),,2015,54.9
1612,Ivory Coast,CIV,2016,53.075
1613,Romania,ROU,2017,66.55
1614,Romania,ROU,2018,66.675
1615,Romania,ROU,2019,66.8
1616,Romania,ROU,2020,66.925
1617,Romania,ROU,2021,67.05
1618,Romania,ROU,2022,67.175
1619,Tajikistan,TJK,2006,60.5
1620,Albania,ALB,2007,66.76
1621,Chad,TCD,2008,47.84
1622,Hungary,HUN,2009,65.64
1623,Somaliland region,,2010,
1624,El Salvador,SLV,2011,64.22
1625,Iran,,2012,65.28
1626,Albania,ALB,2013,68.44
1627,Iraq,IRQ,2014,60.82
1628,Gabon,GAB,2015,56.3
1629,Congo (Kinshasa),,2016,52.825
1630,Russia,RUS,2017,63.45
1631,Russia,RUS,2018,63.825
1632,Russia,RUS,2019,64.2
1633,Russia,RUS,2020,64.575
1634,Russia,RUS,2021,64.95
1635,Russia,RUS,2022,65.325
1636,Mozambique,MOZ,2006,44.82
1637,Egypt,EGY,2008,61.58
1638,Philippines,PHL,2009,61.54
1639,Iraq,IRQ,2011,60.88
1640,Honduras,HND,2012,61.9
1641,Sierra Leone,SLE,2013,48.94
1642,Ethiopia,ETH,2014,57.64
1643,Bangladesh,BGD,2015,63.8
1644,Tunisia,TUN,2016,66.75
1645,Rwanda,RWA,2017,59.55
1646,Rwanda,RWA,2018,59.875
1647,Rwanda,RWA,2019,60.2
1648,Iran,,2005,64.3
1649,Mongolia,MNG,2007,56.54
1650,Lebanon,LBN,2008,65.28
1651,Yemen,YEM,2009,58.64
1652,China,CHN,2010,66.7
1653,Laos,,2011,57.78
1654,Lebanon,LBN,2012,65.52
1655,Congo (Kinshasa),,2013,51.4
1656,Sierra Leone,SLE,2014,49.32
1657,Senegal,SEN,2015,58.2
1658,Ghana,GHA,2016,56.875
1659,Saudi Arabia,SAU,2017,63.6
1660,Saudi Arabia,SAU,2018,63.8
1661,Saudi Arabia,SAU,2019,64.0
1662,Saudi Arabia,SAU,2020,64.2
1663,Saudi Arabia,SAU,2021,64.4
1664,Saudi Arabia,SAU,2022,64.6
1665,Nepal,NPL,2006,59.66
1666,Bangladesh,BGD,2007,59.64
1667,Iraq,IRQ,2008,60.94
1668,Montenegro,MNE,2009,66.12
1669,South Africa,ZAF,2010,49.6
1670,Azerbaijan,AZE,2011,61.98
1671,Ethiopia,ETH,2012,56.32
1672,Ethiopia,ETH,2013,56.98
1673,Mauritania,MRT,2014,58.6
1674,Sri Lanka,LKA,2015,66.6
1675,Albania,ALB,2016,69.025
1676,Senegal,SEN,2017,58.8
1677,Senegal,SEN,2018,59.1
1678,Senegal,SEN,2019,59.4
1679,Senegal,SEN,2020,59.7
1680,Senegal,SEN,2021,60.0
1681,Senegal,SEN,2022,60.3
1682,Kenya,KEN,2007,51.94
1683,Iraq,IRQ,2009,60.92
1684,Ghana,GHA,2010,54.3
1685,Mali,MLI,2011,51.64
1686,Sudan,SDN,2012,58.18
1687,India,IND,2013,58.38
1688,Armenia,ARM,2014,65.76
1689,Albania,ALB,2015,69.0
1690,Mauritania,MRT,2016,59.125
1691,Serbia,SRB,2017,66.65
1692,Serbia,SRB,2018,66.775
1693,Serbia,SRB,2019,66.9
1694,Serbia,SRB,2020,67.025
1695,Serbia,SRB,2021,67.15
1696,China,CHN,2006,65.66
1697,Azerbaijan,AZE,2007,60.86
1698,Philippines,PHL,2008,61.48
1699,Mongolia,MNG,2010,57.8
1700,India,IND,2011,57.66
1701,Sri Lanka,LKA,2013,65.64
1702,Bulgaria,BGR,2014,65.76
1703,Mali,MLI,2015,53.0
1704,Cambodia,KHM,2016,60.9
1705,Sierra Leone,SLE,2017,51.3
1706,Sierra Leone,SLE,2018,52.1
1707,Sierra Leone,SLE,2019,52.9
1708,Sierra Leone,SLE,2021,54.5
1709,Sierra Leone,SLE,2022,55.3
1710,Ghana,GHA,2006,52.54
1711,North Macedonia,,2007,64.66
1712,Uganda,UGA,2008,50.42
1713,Cameroon,CMR,2009,49.16
1714,Cameroon,CMR,2010,49.6
1715,Niger,NER,2011,52.34
1716,Georgia,GEO,2013,64.0
1717,India,IND,2014,58.74
1718,Ethiopia,ETH,2015,58.3
1719,Georgia,GEO,2016,64.325
1720,Singapore,SGP,2017,73.4
1721,Singapore,SGP,2018,73.5
1722,Singapore,SGP,2019,73.6
1723,Singapore,SGP,2021,73.8
1724,Nicaragua,NIC,2006,64.3
1725,Syria,,2010,65.1
1726,Congo (Kinshasa),,2011,50.4
1727,Kenya,KEN,2012,54.54
1728,Armenia,ARM,2013,65.52
1729,Congo (Kinshasa),,2014,51.9
1730,Mozambique,MOZ,2015,48.6
1731,Iraq,IRQ,2016,61.275
1732,Slovakia,SVK,2017,68.05
1733,Slovakia,SVK,2018,68.275
1734,Slovakia,SVK,2019,68.5
1735,Slovakia,SVK,2020,68.725
1736,Slovakia,SVK,2021,68.95
1737,Senegal,SEN,2006,55.5
1738,Latvia,LVA,2009,64.0
1739,Serbia,SRB,2010,65.7
1740,Congo (Brazzaville),,2011,53.38
1741,Tajikistan,TJK,2012,61.1
1742,Cameroon,CMR,2013,50.92
1743,Senegal,SEN,2014,57.9
1744,Iraq,IRQ,2015,60.8
1745,Kenya,KEN,2016,56.5
1746,Slovenia,SVN,2017,70.35
1747,Slovenia,SVN,2018,70.525
1748,Slovenia,SVN,2019,70.7
1749,Slovenia,SVN,2020,70.875
1750,Slovenia,SVN,2021,71.05
1751,Slovenia,SVN,2022,71.225
1752,Zambia,ZMB,2014,52.04
1753,Ivory Coast,CIV,2015,52.5
1754,Zambia,ZMB,2016,53.125
1755,Uganda,UGA,2009,51.26
1756,Sudan,SDN,2010,57.7
1757,Sierra Leone,SLE,2011,48.18
1758,Tunisia,TUN,2012,66.46
1759,Sri Lanka,LKA,2006,62.28
1760,Yemen,YEM,2007,58.72
1761,Mongolia,MNG,2008,56.96
1762,Tajikistan,TJK,2009,60.8
1763,Morocco,MAR,2010,62.5
1764,Cameroon,CMR,2011,50.04
1765,Myanmar,MMR,2012,58.16
1766,Yemen,YEM,2013,58.48
1767,Ukraine,UKR,2014,63.48
1768,Burkina Faso,BFA,2015,53.4
1769,Armenia,ARM,2016,66.275
1770,South Africa,ZAF,2017,55.15
1771,South Africa,ZAF,2018,55.675
1772,South Africa,ZAF,2019,56.2
1773,South Africa,ZAF,2020,56.725
1774,South Africa,ZAF,2021,57.25
1775,Bangladesh,BGD,2006,59.12
1776,Uganda,UGA,2007,49.58
1777,Cambodia,KHM,2008,58.32
1778,Azerbaijan,AZE,2009,61.42
1779,Tajikistan,TJK,2010,60.9
1780,Kenya,KEN,2011,54.02
1781,Haiti,HTI,2012,38.64
1782,Mauritania,MRT,2013,58.3
1783,Georgia,GEO,2014,64.1
1784,Kenya,KEN,2015,56.1
1785,Ethiopia,ETH,2016,58.7
1786,South Korea,KOR,2017,72.55
1787,South Korea,KOR,2018,72.825
1788,South Korea,KOR,2019,73.1
1789,South Korea,KOR,2020,73.375
1790,South Korea,KOR,2021,73.65
1791,South Korea,KOR,2022,73.925
1792,Sri Lanka,LKA,2014,66.12
1793,Armenia,ARM,2015,66.0
1794,Niger,NER,2016,54.45
1795,South Sudan,SSD,2017,53.35
1796,Pakistan,PAK,2005,53.2
1797,Tajikistan,TJK,2007,60.6
1798,Nepal,NPL,2008,59.78
1799,India,IND,2009,56.94
1800,Senegal,SEN,2010,56.7
1801,Chad,TCD,2011,48.98
1802,Angola,AGO,2012,51.84
1803,Myanmar,MMR,2013,58.64
1804,Cameroon,CMR,2014,51.36
1805,India,IND,2015,59.1
1806,Uganda,UGA,2016,56.775
1807,Spain,ESP,2017,71.85
1808,Spain,ESP,2018,71.975
1809,Spain,ESP,2019,72.1
1810,Spain,ESP,2020,72.225
1811,Spain,ESP,2021,72.35
1812,Spain,ESP,2022,72.475
1813,Armenia,ARM,2006,63.84
1814,Sri Lanka,LKA,2007,62.76
1815,Sri Lanka,LKA,2008,63.24
1816,Mauritania,MRT,2009,57.1
1817,Armenia,ARM,2010,64.8
1818,Madagascar,MDG,2011,55.34
1819,Armenia,ARM,2012,65.28
1820,Botswana,BWA,2013,51.92
1821,Zimbabwe,ZWE,2014,50.0
1822,Chad,TCD,2015,50.5
1823,Sri Lanka,LKA,2017,66.8
1824,Sri Lanka,LKA,2018,66.9
1825,Sri Lanka,LKA,2019,67.0
1826,Sri Lanka,LKA,2020,67.1
1827,Sri Lanka,LKA,2021,67.2
1828,Kenya,KEN,2006,51.42
1829,Cameroon,CMR,2007,48.28
1830,Pakistan,PAK,2008,53.98
1831,State of Palestine,,2009,62.132
1832,Nepal,NPL,2010,59.9
1833,Djibouti,DJI,2011,55.08
1834,Mali,MLI,2012,51.98
1835,Malawi,MWI,2013,52.78
1836,Niger,NER,2014,53.66
1837,Uganda,UGA,2015,56.3
1838,Afghanistan,AFG,2016,52.925
1839,State of Palestine,,2017,
1840,State of Palestine,,2018,
1841,State of Palestine,,2019,
1842,State of Palestine,,2022,
1843,Sudan,SDN,2009,57.46
1844,Yemen,YEM,2010,58.6
1845,Sudan,SDN,2011,57.94
1846,Uganda,UGA,2012,53.78
1847,Sudan,SDN,2014,58.66
1848,Malawi,MWI,2012,51.72
1849,Hungary,HUN,2005,65.0
1850,Tanzania,,2007,51.42
1851,State of Palestine,,2008,62.015
1852,China,CHN,2009,66.44
1853,Kenya,KEN,2010,53.5
1854,Tajikistan,TJK,2011,61.0
1855,Georgia,GEO,2012,63.9
1856,Bulgaria,BGR,2013,65.62
1857,Congo (Brazzaville),,2014,54.52
1858,Myanmar,MMR,2015,59.6
1859,Burkina Faso,BFA,2016,53.775
1860,Sweden,SWE,2017,71.65
1861,Sweden,SWE,2018,71.775
1862,Sweden,SWE,2019,71.9
1863,Sweden,SWE,2020,72.025
1864,Sweden,SWE,2021,72.15
1865,Sweden,SWE,2022,72.275
1866,Rwanda,RWA,2006,53.5
1867,North Macedonia,,2009,64.82
1868,Cameroon,CMR,2012,50.48
1869,Botswana,BWA,2014,52.36
1870,Cambodia,KHM,2015,60.7
1871,India,IND,2016,59.4
1872,Switzerland,CHE,2017,72.1
1873,Switzerland,CHE,2018,72.3
1874,Switzerland,CHE,2019,72.5
1875,Switzerland,CHE,2020,72.7
1876,Switzerland,CHE,2021,72.9
1877,Switzerland,CHE,2022,73.1
1878,Tanzania,,2008,52.08
1879,Afghanistan,AFG,2009,50.8
1880,Azerbaijan,AZE,2010,61.7
1881,Armenia,ARM,2011,65.04
1882,Nepal,NPL,2012,60.02
1883,Congo (Brazzaville),,2013,54.14
1884,Georgia,GEO,2015,64.2
1885,Mali,MLI,2006,49.94
1886,Rwanda,RWA,2008,54.7
1887,Liberia,LBR,2010,52.1
1888,Gabon,GAB,2011,54.46
1889,Sri Lanka,LKA,2012,65.16
1890,Angola,AGO,2013,52.46
1891,Mali,MLI,2014,52.66
1892,South Sudan,SSD,2015,53.0
1893,Congo (Brazzaville),,2016,55.225
1894,Taiwan Province of China,,2017,
1895,Taiwan Province of China,,2018,
1896,Taiwan Province of China,,2019,
1897,Taiwan Province of China,,2020,
1898,Taiwan Province of China,,2021,
1899,Taiwan Province of China,,2022,
1900,Madagascar,MDG,2006,54.14
1901,Niger,NER,2007,50.58
1902,Cameroon,CMR,2008,48.72
1903,Serbia,SRB,2009,65.56
1904,Uganda,UGA,2010,52.1
1905,Georgia,GEO,2011,63.8
1906,Bulgaria,BGR,2012,65.48
1907,Guinea,GIN,2013,51.26
1908,Yemen,YEM,2014,58.44
1909,Ghana,GHA,2015,56.5
1910,Venezuela,VEN,2016,64.925
1911,Tajikistan,TJK,2017,61.7
1912,Tajikistan,TJK,2018,61.85
1913,Tajikistan,TJK,2019,62.0
1914,Tajikistan,TJK,2020,62.15
1915,Tajikistan,TJK,2021,62.3
1916,Tanzania,,2006,50.76
1917,Central African Republic,CAF,2007,41.48
1918,Mauritania,MRT,2008,56.8
1919,Senegal,SEN,2009,56.4
1920,North Macedonia,,2010,64.9
1921,Sri Lanka,LKA,2011,64.68
1922,Egypt,EGY,2012,61.82
1923,Tanzania,,2013,55.38
1924,Gabon,GAB,2014,55.84
1925,Afghanistan,AFG,2015,52.6
1926,Chad,TCD,2016,50.875
1927,Tanzania,,2017,57.6
1928,Tanzania,,2018,58.05
1929,Tanzania,,2019,58.5
1930,Tanzania,,2020,58.95
1931,Tanzania,,2021,59.4
1932,Tanzania,,2022,59.85
1933,Cameroon,CMR,2006,47.84
1934,Cambodia,KHM,2007,57.98
1935,Niger,NER,2008,51.02
1936,Kenya,KEN,2009,52.98
1937,Cambodia,KHM,2010,59.0
1938,Egypt,EGY,2011,61.76
1939,Yemen,YEM,2012,58.52
1940,Madagascar,MDG,2013,55.82
1941,Haiti,HTI,2014,49.28
1942,Ukraine,UKR,2015,63.8
1943,Ukraine,UKR,2016,63.925
1944,Thailand,THA,2017,68.15
1945,Thailand,THA,2018,68.225
1946,Thailand,THA,2019,68.3
1947,Thailand,THA,2020,68.375
1948,Thailand,THA,2021,68.45
1949,Thailand,THA,2022,68.525
1950,Malawi,MWI,2006,45.36
1951,Liberia,LBR,2008,51.94
1952,Cambodia,KHM,2011,59.34
1953,Cambodia,KHM,2014,60.36
1954,Mauritania,MRT,2015,58.9
1955,Mali,MLI,2016,53.4
1956,Togo,TGO,2017,55.2
1957,Togo,TGO,2018,55.7
1958,Togo,TGO,2019,56.2
1959,Togo,TGO,2021,57.2
1960,Togo,TGO,2022,57.7
1961,Zimbabwe,ZWE,2006,40.4
1962,Georgia,GEO,2008,63.5
1963,Rwanda,RWA,2011,56.5
1964,Gabon,GAB,2013,55.38
1965,Trinidad and Tobago,TTO,2017,65.7
1966,Niger,NER,2009,51.46
1967,Sierra Leone,SLE,2010,47.8
1968,Tanzania,,2011,54.06
1969,Chad,TCD,2012,49.36
1970,Kenya,KEN,2013,55.06
1971,Ghana,GHA,2014,56.06
1972,Congo (Kinshasa),,2015,52.4
1973,Benin,BEN,2016,54.6
1974,Tunisia,TUN,2017,66.8
1975,Tunisia,TUN,2018,66.85
1976,Tunisia,TUN,2019,66.9
1977,Tunisia,TUN,2020,66.95
1978,Tunisia,TUN,2021,67.0
1979,Tunisia,TUN,2022,67.05
1980,Egypt,EGY,2005,61.4
1981,State of Palestine,,2007,61.897
1982,Mali,MLI,2008,50.62
1983,Sri Lanka,LKA,2009,63.72
1984,Georgia,GEO,2010,63.7
1985,Guinea,GIN,2011,51.02
1986,Tanzania,,2012,54.72
1987,Ivory Coast,CIV,2013,51.3
1988,South Sudan,SSD,2014,52.88
1989,Malawi,MWI,2015,54.9
1990,Togo,TGO,2016,54.7
1991,Turkiye,,2017,68.05
1992,Turkiye,,2018,68.225
1993,Turkiye,,2019,68.4
1994,Turkiye,,2020,68.575
1995,Turkiye,,2021,68.75
1996,Ghana,GHA,2009,53.86
1997,Syria,,2011,63.34
1998,Gabon,GAB,2012,54.92
1999,Niger,NER,2013,53.22
2000,Angola,AGO,2014,53.08
2001,Togo,TGO,2015,54.2
2002,Yemen,YEM,2016,58.175
2003,Turkmenistan,TKM,2017,61.9
2004,Turkmenistan,TKM,2018,62.0
2005,Turkmenistan,TKM,2019,62.1
2006,Burkina Faso,BFA,2006,49.44
2007,Mauritania,MRT,2007,56.5
2008,Kenya,KEN,2008,52.46
2009,Ivory Coast,CIV,2009,48.9
2010,Niger,NER,2010,51.9
2011,Malawi,MWI,2011,50.66
2012,Comoros,COM,2012,57.48
2013,Uganda,UGA,2013,54.62
2014,Uganda,UGA,2014,55.46
2015,Botswana,BWA,2015,52.8
2016,Lesotho,LSO,2016,42.25
2017,Uganda,UGA,2017,57.25
2018,Uganda,UGA,2018,57.725
2019,Uganda,UGA,2019,58.2
2020,Uganda,UGA,2020,58.675
2021,Uganda,UGA,2021,59.15
2022,Haiti,HTI,2006,6.72
2023,Chad,TCD,2007,47.46
2024,Burkina Faso,BFA,2008,50.32
2025,Armenia,ARM,2009,64.56
2026,Burkina Faso,BFA,2010,51.2
2027,Bulgaria,BGR,2011,65.34
2028,Burkina Faso,BFA,2012,52.08
2029,Mali,MLI,2013,52.32
2030,Madagascar,MDG,2014,56.06
2031,Zimbabwe,ZWE,2015,51.2
2032,Zimbabwe,ZWE,2016,51.675
2033,Ukraine,UKR,2017,64.05
2034,Ukraine,UKR,2018,64.175
2035,Ukraine,UKR,2019,64.3
2036,Ukraine,UKR,2020,64.425
2037,Ukraine,UKR,2021,64.55
2038,Ukraine,UKR,2022,64.675
2039,Niger,NER,2006,50.14
2040,Cambodia,KHM,2009,58.66
2041,Sri Lanka,LKA,2010,64.2
2042,Benin,BEN,2011,53.26
2043,Congo (Brazzaville),,2012,53.76
2044,Cambodia,KHM,2013,60.02
2045,Rwanda,RWA,2014,58.3
2046,Niger,NER,2015,54.1
2047,Madagascar,MDG,2016,56.55
2048,United Arab Emirates,ARE,2017,65.7
2049,United Arab Emirates,ARE,2018,65.85
2050,United Arab Emirates,ARE,2019,66.0
2051,United Arab Emirates,ARE,2020,66.15
2052,United Arab Emirates,ARE,2021,66.3
2053,United Arab Emirates,ARE,2022,66.45
2054,Romania,ROU,2005,64.5
2055,Burkina Faso,BFA,2007,49.88
2056,Haiti,HTI,2008,17.36
2057,Zimbabwe,ZWE,2009,44.0
2058,Bulgaria,BGR,2010,65.2
2059,Comoros,COM,2011,57.24
2060,Cambodia,KHM,2012,59.68
2061,South Africa,ZAF,2013,52.3
2062,Ivory Coast,CIV,2014,51.9
2063,Tanzania,,2015,56.7
2064,Guinea,GIN,2016,51.95
2065,United Kingdom,GBR,2017,69.9
2066,United Kingdom,GBR,2018,70.0
2067,United Kingdom,GBR,2019,70.1
2068,United Kingdom,GBR,2020,70.2
2069,United Kingdom,GBR,2021,70.3
2070,United Kingdom,GBR,2022,70.4
2071,Uganda,UGA,2006,48.74
2072,Zambia,ZMB,2007,47.42
2073,Congo (Brazzaville),,2008,52.24
2074,Rwanda,RWA,2009,55.3
2075,Comoros,COM,2010,57.0
2076,Senegal,SEN,2011,57.0
2077,Niger,NER,2012,52.78
2078,Senegal,SEN,2013,57.6
2079,Tanzania,,2014,56.04
2080,Benin,BEN,2015,54.3
2081,Botswana,BWA,2016,53.075
2082,United States,USA,2017,66.35
2083,United States,USA,2018,66.225
2084,United States,USA,2019,66.1
2085,United States,USA,2020,65.975
2086,United States,USA,2021,65.85
2087,United States,USA,2022,65.725
2088,Georgia,GEO,2006,63.3
2089,Bulgaria,BGR,2007,64.78
2090,Afghanistan,AFG,2008,50.5
2091,Congo (Kinshasa),,2009,49.4
2092,Haiti,HTI,2010,28.0
2093,Afghanistan,AFG,2011,51.4
2094,Afghanistan,AFG,2012,51.7
2095,Afghanistan,AFG,2013,52.0
2096,Burkina Faso,BFA,2014,52.96
2097,Madagascar,MDG,2015,56.3
2098,Malawi,MWI,2016,55.45
2099,Uruguay,URY,2017,67.5
2100,Uruguay,URY,2018,67.5
2101,Uruguay,URY,2019,67.5
2102,Uruguay,URY,2020,67.5
2103,Uruguay,URY,2021,67.5
2104,Uruguay,URY,2022,67.5
2105,Sierra Leone,SLE,2006,46.28
2106,Benin,BEN,2008,52.48
2107,Mali,MLI,2009,50.96
2108,Mali,MLI,2010,51.3
2109,Nepal,NPL,2011,59.96
2110,Senegal,SEN,2012,57.3
2111,Egypt,EGY,2013,61.88
2112,Chad,TCD,2014,50.12
2113,Haiti,HTI,2015,54.6
2114,Liberia,LBR,2016,53.1
2115,Uzbekistan,UZB,2017,64.1
2116,Uzbekistan,UZB,2018,64.4
2117,Uzbekistan,UZB,2019,64.7
2118,Uzbekistan,UZB,2020,65.0
2119,Uzbekistan,UZB,2021,65.3
2120,Uzbekistan,UZB,2022,65.6
2121,Turkiye,,2005,66.1
2122,Cambodia,KHM,2006,57.64
2123,Burundi,BDI,2008,49.66
2124,Georgia,GEO,2009,63.6
2125,Chad,TCD,2010,48.6
2126,Yemen,YEM,2011,58.56
2127,Guinea,GIN,2012,51.14
2128,Chad,TCD,2013,49.74
2129,Guinea,GIN,2014,51.38
2130,Guinea,GIN,2015,51.5
2131,Haiti,HTI,2016,54.9
2132,Venezuela,VEN,2017,64.75
2133,Venezuela,VEN,2018,64.575
2134,Venezuela,VEN,2019,64.4
2135,Venezuela,VEN,2020,64.225
2136,Venezuela,VEN,2021,64.05
2137,Venezuela,VEN,2022,63.875
2138,Chad,TCD,2006,47.08
2139,Georgia,GEO,2007,63.4
2140,Zimbabwe,ZWE,2008,42.8
2141,Burundi,BDI,2009,50.28
2142,Central African Republic,CAF,2010,42.5
2143,Burundi,BDI,2011,51.52
2144,Madagascar,MDG,2012,55.58
2145,Benin,BEN,2013,53.78
2146,Benin,BEN,2014,54.04
2147,Rwanda,RWA,2015,58.9
2148,Rwanda,RWA,2016,59.225
2149,Vietnam,VNM,2017,65.1
2150,Vietnam,VNM,2018,65.2
2151,Vietnam,VNM,2019,65.3
2152,Vietnam,VNM,2020,65.4
2153,Vietnam,VNM,2021,65.5
2154,Vietnam,VNM,2022,65.6
2155,Liberia,LBR,2007,51.86
2156,Chad,TCD,2009,48.22
2157,Botswana,BWA,2010,50.6
2158,Central African Republic,CAF,2011,42.84
2159,Rwanda,RWA,2012,57.1
2160,Rwanda,RWA,2013,57.7
2161,Afghanistan,AFG,2014,52.3
2162,Syria,,2015,56.3
2163,Tanzania,,2016,57.15
2164,Yemen,YEM,2017,57.95
2165,Yemen,YEM,2018,57.725
2166,Yemen,YEM,2019,57.5
2167,Benin,BEN,2006,51.96
2168,Sierra Leone,SLE,2007,46.66
2169,Sierra Leone,SLE,2008,47.04
2170,Comoros,COM,2009,56.76
2171,Botswana,BWA,2011,51.04
2172,Benin,BEN,2012,53.52
2173,Burkina Faso,BFA,2013,52.52
2174,Burundi,BDI,2014,53.38
2175,Yemen,YEM,2015,58.4
2176,South Sudan,SSD,2016,53.175
2177,Zambia,ZMB,2017,53.55
2178,Zambia,ZMB,2018,53.975
2179,Zambia,ZMB,2019,54.4
2180,Zambia,ZMB,2020,54.825
2181,Zambia,ZMB,2021,55.25
2182,Togo,TGO,2006,50.24
2183,Zimbabwe,ZWE,2007,41.6
2184,Togo,TGO,2008,51.12
2185,Tanzania,,2009,52.74
2186,Tanzania,,2010,53.4
2187,Togo,TGO,2011,52.44
2188,Syria,,2012,61.58
2189,Syria,,2013,59.82
2190,Togo,TGO,2014,53.76
2191,Liberia,LBR,2015,52.5
2192,Central African Republic,CAF,2016,44.75
2193,Zimbabwe,ZWE,2017,52.15
2194,Zimbabwe,ZWE,2018,52.625
2195,Zimbabwe,ZWE,2019,53.1
2196,Zimbabwe,ZWE,2020,53.575
2197,Zimbabwe,ZWE,2021,54.05
2198,Zimbabwe,ZWE,2022,54.525
